<?xml version="1.0" encoding="UTF-8"?>
<project-private xmlns="http://www.netbeans.org/ns/project-private/1">
    <editor-bookmarks xmlns="http://www.netbeans.org/ns/editor-bookmarks/2" lastBookmarkId="0"/>
    <open-files xmlns="http://www.netbeans.org/ns/projectui-open-files/2">
        <group>
            <file>file:/C:/Users/dell/Desktop/Final%20courseWork%20Programming/CAD_IS/src/CarAccessories/Help.java</file>
            <file>file:/C:/Users/dell/Desktop/Final%20courseWork%20Programming/CAD_IS/src/CarAccessories/CAD_INFO.java</file>
            <file>file:/C:/Users/dell/Desktop/Final%20courseWork%20Programming/CAD_IS/src/CarAccessories/CarAccessories.java</file>
        </group>
    </open-files>
</project-private>
